"species","n_control","n_exposed","mean_control","mean_exposed","t_control_vs0","p_control_vs0","t_exposed_vs0","p_exposed_vs0","t_between","p_between","mean_diff","ci_low","ci_high","p_wilcoxon"
"Perch",18,19,-0.931256626993777,-0.996759918760013,-4.21633554359834,0.000580787338806467,-7.24745882760911,9.71439180792621e-07,-0.251753072035139,0.803027946648962,-0.0655032917662358,-0.597916342759739,0.466909759227268,0.494161929029284
"Roach",9,10,-0.634917653987114,-0.655033607252162,-4.08973271825912,0.0034868813746788,-3.26827845262869,0.00970939419601749,-0.0793478611746491,0.937716182822402,-0.0201159532650481,-0.556486134805055,0.516254228274958,0.775051373670082
