"species","n_control","n_exposed","mean_control","mean_exposed","t_control_vs0","p_control_vs0","t_exposed_vs0","p_exposed_vs0","t_between","p_between","mean_diff","ci_low","ci_high","p_wilcoxon"
"Perch",15,15,0.0460219603283399,0.000248321205865572,0.146897856271189,0.885307067382824,0.000739734587820133,0.999420214645489,-0.0996872027808008,0.921306343847687,-0.0457736391224743,-0.986547656750881,0.895000378505932,1
"Roach",15,15,0.113179676003897,0.424556531837051,0.664594102472106,0.517108144043445,2.41913384481821,0.0297572074042698,1.27329581063648,0.213392451178213,0.311376855833154,-0.189569236473524,0.812322948139832,0.245485001203124
